[
  {
    "video_id": "LcWoP6KtZKw",
    "success": true,
    "file_path": "your_thumbnails/video_01_LcWoP6KtZKw_maxresdefault.jpg",
    "quality": "maxresdefault",
    "file_size": 292627,
    "error": null,
    "url": "https://img.youtube.com/vi/LcWoP6KtZKw/maxresdefault.jpg",
    "original_url": "https://www.youtube.com/watch?v=LcWoP6KtZKw",
    "title": "Nikhil Kamath ft. Police Comm'r & Traffic Police Comm'r of Bengaluru | WTF is Policing? | Special Ep",
    "channel": "Nikhil Kamath",
    "thumbnail_url": "https://i.ytimg.com/vi/LcWoP6KtZKw/hqdefault.jpg"
  },
  {
    "video_id": "JjDjDvNgkFo",
    "success": true,
    "file_path": "your_thumbnails/video_02_JjDjDvNgkFo_maxresdefault.jpg",
    "quality": "maxresdefault",
    "file_size": 191342,
    "error": null,
    "url": "https://img.youtube.com/vi/JjDjDvNgkFo/maxresdefault.jpg",
    "original_url": "https://www.youtube.com/watch?v=JjDjDvNgkFo&t=6s",
    "title": "Ep# 13 | WTF does it take to Build Influence Today? Nikhil w/ Nuseir, Tanmay, Prajakta & Ranveer",
    "channel": "Nikhil Kamath",
    "thumbnail_url": "https://i.ytimg.com/vi/JjDjDvNgkFo/hqdefault.jpg"
  },
  {
    "video_id": "3NexOrW0uew",
    "success": true,
    "file_path": "your_thumbnails/video_03_3NexOrW0uew_maxresdefault.jpg",
    "quality": "maxresdefault",
    "file_size": 156450,
    "error": null,
    "url": "https://img.youtube.com/vi/3NexOrW0uew/maxresdefault.jpg",
    "original_url": "https://www.youtube.com/watch?v=3NexOrW0uew",
    "title": "\"Everything Is My Fault\" \u2014 Andrew Tate on Masculinity, Politics, Family, Allegations & The Matrix",
    "channel": "Tracy Harmoush : What They Don't Tell Us Podcast",
    "thumbnail_url": "https://i.ytimg.com/vi/3NexOrW0uew/hqdefault.jpg"
  },
  {
    "video_id": "W4tqbEmplug",
    "success": true,
    "file_path": "your_thumbnails/video_04_W4tqbEmplug_maxresdefault.jpg",
    "quality": "maxresdefault",
    "file_size": 151157,
    "error": null,
    "url": "https://img.youtube.com/vi/W4tqbEmplug/maxresdefault.jpg",
    "original_url": "https://www.youtube.com/watch?v=W4tqbEmplug",
    "title": "Simon Sinek: You're Being Lied To About AI's Real Purpose! We're Teaching Our Kids To Not Be Human!",
    "channel": "The Diary Of A CEO",
    "thumbnail_url": "https://i.ytimg.com/vi/W4tqbEmplug/hqdefault.jpg"
  },
  {
    "video_id": "9V6tWC4CdFQ",
    "success": true,
    "file_path": "your_thumbnails/video_05_9V6tWC4CdFQ_maxresdefault.jpg",
    "quality": "maxresdefault",
    "file_size": 117766,
    "error": null,
    "url": "https://img.youtube.com/vi/9V6tWC4CdFQ/maxresdefault.jpg",
    "original_url": "https://www.youtube.com/watch?v=9V6tWC4CdFQ",
    "title": "Sundar Pichai: CEO of Google and Alphabet | Lex Fridman Podcast #471",
    "channel": "Lex Fridman",
    "thumbnail_url": "https://i.ytimg.com/vi/9V6tWC4CdFQ/hqdefault.jpg"
  },
  {
    "video_id": "d3GkLPGPtN8",
    "success": true,
    "file_path": "your_thumbnails/video_06_d3GkLPGPtN8_maxresdefault.jpg",
    "quality": "maxresdefault",
    "file_size": 117251,
    "error": null,
    "url": "https://img.youtube.com/vi/d3GkLPGPtN8/maxresdefault.jpg",
    "original_url": "https://www.youtube.com/watch?v=d3GkLPGPtN8",
    "title": "If You're In Your 20s, Watch This BEFORE It's Too Late (Seriously\u2026) | Jay Shetty",
    "channel": "Jay Shetty Podcast",
    "thumbnail_url": "https://i.ytimg.com/vi/d3GkLPGPtN8/hqdefault.jpg"
  },
  {
    "video_id": "b2m5iWBVemU",
    "success": true,
    "file_path": "your_thumbnails/video_07_b2m5iWBVemU_maxresdefault.jpg",
    "quality": "maxresdefault",
    "file_size": 111428,
    "error": null,
    "url": "https://img.youtube.com/vi/b2m5iWBVemU/maxresdefault.jpg",
    "original_url": "https://www.youtube.com/watch?v=b2m5iWBVemU",
    "title": "Joe Rogan's Best Ancient Civilization Podcasts",
    "channel": "Favourite Podcasts",
    "thumbnail_url": "https://i.ytimg.com/vi/b2m5iWBVemU/hqdefault.jpg"
  },
  {
    "video_id": "0t6KT9RS9e8",
    "success": true,
    "file_path": "your_thumbnails/video_08_0t6KT9RS9e8_maxresdefault.jpg",
    "quality": "maxresdefault",
    "file_size": 171019,
    "error": null,
    "url": "https://img.youtube.com/vi/0t6KT9RS9e8/maxresdefault.jpg",
    "original_url": "https://www.youtube.com/watch?v=0t6KT9RS9e8",
    "title": "\"Islam Has FAILED\" - Tommy Robinson BLASTS Islam Invasion, Muslim Grooming Gangs & Media Silence",
    "channel": "PBD Podcast",
    "thumbnail_url": "https://i.ytimg.com/vi/0t6KT9RS9e8/hqdefault.jpg"
  },
  {
    "video_id": "pzBvb4umRzo",
    "success": true,
    "file_path": "your_thumbnails/video_09_pzBvb4umRzo_maxresdefault.jpg",
    "quality": "maxresdefault",
    "file_size": 114160,
    "error": null,
    "url": "https://img.youtube.com/vi/pzBvb4umRzo/maxresdefault.jpg",
    "original_url": "https://www.youtube.com/watch?v=pzBvb4umRzo&t=3293s",
    "title": "Alia Bhatt's Hidden Struggles: ADHD, Anxiety & Finding Peace as a New Mother",
    "channel": "Jay Shetty Podcast",
    "thumbnail_url": "https://i.ytimg.com/vi/pzBvb4umRzo/hqdefault.jpg"
  },
  {
    "video_id": "-Kd7I6GrdGM",
    "success": true,
    "file_path": "your_thumbnails/video_10_Kd7I6GrdGM_maxresdefault.jpg",
    "quality": "maxresdefault",
    "file_size": 198336,
    "error": null,
    "url": "https://img.youtube.com/vi/-Kd7I6GrdGM/maxresdefault.jpg",
    "original_url": "https://www.youtube.com/watch?v=-Kd7I6GrdGM",
    "title": "8 Realistic Healthy Habits That Make a Huge Difference",
    "channel": "Mel Robbins",
    "thumbnail_url": "https://i.ytimg.com/vi/-Kd7I6GrdGM/hqdefault.jpg"
  }
]